question,file,bytes,width,height,format,sha256,source
1,Q1.jpg,72101,1920,720,JPEG,28bfd0e0c4128dee4b6b44790b84fae214ca73c57837cd735fdf77b901a11dcf,https://fuoverflow.com/attachments/q1-jpg.265121/
2,Q2.jpg,53897,1920,720,JPEG,38fbc0e4a0e1edbf75811b716ae9c005d3d3ff3b0ea5af5d2fdd0145a54cef82,https://fuoverflow.com/attachments/q2-jpg.265122/
3,Q3.jpg,121672,1920,720,JPEG,bca9ab49c4811efd73feffc23d7b9a79fcbcf5edeefde7f584f8c10f0d0d3cfb,https://fuoverflow.com/attachments/q3-jpg.265123/
4,Q4.jpg,58382,1920,720,JPEG,2e2c80b1709a385dcf87ff8b7865d252b4ce388a82d2f1f7dfc45a8e9264037f,https://fuoverflow.com/attachments/q4-jpg.265124/
5,Q5.jpg,137633,1920,720,JPEG,5251045a2d62a555eca6556645db5eb0afe51a6f64580c815d2e5c3556ee683d,https://fuoverflow.com/attachments/q5-jpg.265125/
6,Q6.jpg,164947,1920,720,JPEG,ad8cb9ac164e41d1450c07107b5c4a9b611193e5a351c40617e0e80af4f8557c,https://fuoverflow.com/attachments/q6-jpg.265126/
7,Q7.jpg,130620,1920,720,JPEG,e85f81446ea1ab8c1574066323b827136ad6263e03321bb1c1941c3d6c510a1d,https://fuoverflow.com/attachments/q7-jpg.265127/
8,Q8.jpg,118215,1920,720,JPEG,97ed9c9831be5a4ab2f37bfe2201792608226834f7a444f35485847960264fb2,https://fuoverflow.com/attachments/q8-jpg.265128/
9,Q9.jpg,55786,1920,720,JPEG,51a52d74f1cb2913f56abfea8add5cbe36b99ffe00c674be9ca684d6c5c68714,https://fuoverflow.com/attachments/q9-jpg.265129/
10,Q10.jpg,122938,1920,720,JPEG,a4eeed0fc9a97f5e72d55bf20f150769f6a56c119992fc8dc58a843a9a4b0a1f,https://fuoverflow.com/attachments/q10-jpg.265130/
11,Q11.jpg,47763,1920,720,JPEG,ec1764bf30f0c8ccc454ce7d6990f29c9182f259fdc7f25c5ea40180c9b92e9b,https://fuoverflow.com/attachments/q11-jpg.265131/
12,Q12.jpg,49689,1920,720,JPEG,8e8da8473162475af760d8b0523874ed6690c3b60bd673014e87574cf6bd3863,https://fuoverflow.com/attachments/q12-jpg.265132/
13,Q13.jpg,81073,1920,720,JPEG,eb5519d6f55cbd8bfae9a3bc65eced830cab0e548e410321ba9997b5a151316f,https://fuoverflow.com/attachments/q13-jpg.265133/
14,Q14.jpg,44780,1920,720,JPEG,1901c4f03069c1fe31ef46967a37332e7f938229e646fee772681834c28d280d,https://fuoverflow.com/attachments/q14-jpg.265134/
15,Q15.jpg,137736,1920,720,JPEG,7e0b7ac3e1e88f47f0c679790f4c0c754b9fc1edc0223a4311a9835633b129e7,https://fuoverflow.com/attachments/q15-jpg.265135/
16,Q16.jpg,54877,1920,720,JPEG,977c5945861bcb3ea32fdc617c1e694b7e6455b48ba03f1d4c03742109f09f2e,https://fuoverflow.com/attachments/q16-jpg.265136/
17,Q17.jpg,146195,1920,720,JPEG,8beb3cb27daeeef67ee93cf79b04f246d2b2b5e30c183232091fb0fa69b5e5e0,https://fuoverflow.com/attachments/q17-jpg.265137/
18,Q18.jpg,45075,1920,720,JPEG,b6c4846f515432167e83a334521e3c42021b6eacca744eb8e83b5cf222f86625,https://fuoverflow.com/attachments/q18-jpg.265138/
19,Q19.jpg,57965,1920,720,JPEG,c0edf4c12d80d23c02f5bcf79159c864164a21546217f3043c8bceb27b4ac1cd,https://fuoverflow.com/attachments/q19-jpg.265139/
20,Q20.jpg,128134,1920,720,JPEG,511c3783151a078169ee4a8cc070a2bdcccee2286a19ba53bea58e21e50d7aa0,https://fuoverflow.com/attachments/q20-jpg.265140/
21,Q21.jpg,48198,1920,720,JPEG,58863a9cd291420385714bfa5275f64eb55b6134a29a3ea78c87085cbce4e2ce,https://fuoverflow.com/attachments/q21-jpg.265141/
22,Q22.jpg,68084,1920,720,JPEG,6587dcd06e2d72d4de780446f22ac27e6471ff5002e320cb56abfe5d50979346,https://fuoverflow.com/attachments/q22-jpg.265142/
23,Q23.jpg,102804,1920,720,JPEG,f973e9b006e7fb8be4359b14cf15235da8f216d1e2def5054bdaa4fe105c5330,https://fuoverflow.com/attachments/q23-jpg.265143/
24,Q24.jpg,80237,1920,720,JPEG,bf4da57db4ad88febf8e58f22cd38cc770fa293563675cde19e1123c7347ec71,https://fuoverflow.com/attachments/q24-jpg.265144/
25,Q25.jpg,79337,1920,720,JPEG,e7fc8ef06e7f26810e28858a72ffeb98dedd1b820ccf3de0a1ac4cd5975fada3,https://fuoverflow.com/attachments/q25-jpg.265145/
26,Q26.jpg,76642,1920,720,JPEG,6a659dae256c0366ef2800a7e557f4cc8eb33199be622d2a107517a577784aa6,https://fuoverflow.com/attachments/q26-jpg.265146/
27,Q27.jpg,100205,1920,720,JPEG,0f9351e7b5e7ccae2adea07075e7317d24c8ac0f25e798d2c5fd33a9af2ecb73,https://fuoverflow.com/attachments/q27-jpg.265147/
28,Q28.jpg,85546,1920,720,JPEG,302ddd4bee19e708ac39b38f74d5e347017fdb175c83481b4bbf2d1e195a42d4,https://fuoverflow.com/attachments/q28-jpg.265148/
29,Q29.jpg,228169,1920,720,JPEG,9131496f3bfbbcababeda8230c9eb91ef7fa15200fd9ac122b56e16a3e13a698,https://fuoverflow.com/attachments/q29-jpg.265149/
30,Q30.jpg,167331,1920,720,JPEG,23d52846164d8730411659b0d7104b636cfd7b2cea0d26018162e1dbf41fd356,https://fuoverflow.com/attachments/q30-jpg.265150/
31,Q31.jpg,114247,1920,720,JPEG,4ea8f7c5fe8d2d7cefe75d4d18a37699723af20540ff39333b8e8356a8e04a8c,https://fuoverflow.com/attachments/q31-jpg.265151/
32,Q32.jpg,128237,1920,720,JPEG,31b34f697127602a9315318b29d81392473e2b747d78ad83b98b2b9d48ed745d,https://fuoverflow.com/attachments/q32-jpg.265152/
33,Q33.jpg,137498,1920,720,JPEG,9b6c05ca11ca5870ab170b64834e6fabc82a328075526646058575ac8203c7ea,https://fuoverflow.com/attachments/q33-jpg.265153/
34,Q34.jpg,123291,1920,720,JPEG,302f8b908cf3b9b7df248febab70c2040cb3fe8476d39bf9a15ef57100f2ef79,https://fuoverflow.com/attachments/q34-jpg.265154/
35,Q35.jpg,146448,1920,720,JPEG,8580f041831aa413b300e67a158377bf229b020e0521f240c255cc88dc2819c3,https://fuoverflow.com/attachments/q35-jpg.265155/
36,Q36.jpg,207262,1920,720,JPEG,8f0664d6165082cc4759d6354196023da9e584ae42a8c6fadcc9d035d776c887,https://fuoverflow.com/attachments/q36-jpg.265156/
37,Q37.jpg,106418,1920,720,JPEG,21b0940271502b02c0cceef22cbf93eafdda828070c3f989f04a3569846f8a87,https://fuoverflow.com/attachments/q37-jpg.265157/
38,Q38.jpg,45486,1920,720,JPEG,35313fa79f2e90de32617696e023dcc2d23832a727a3a50de2f6359b66d31903,https://fuoverflow.com/attachments/q38-jpg.265158/
39,Q39.jpg,89739,1920,720,JPEG,0ff3e8381bcc6740992e13759b72bce134b6ae6eaf2aa9b51c086ddc3d882b47,https://fuoverflow.com/attachments/q39-jpg.265159/
40,Q40.jpg,257075,1920,720,JPEG,9c5c3fd7e52807e86f884c0859a411eea5eb33d903d451ad3810d55b18c470ca,https://fuoverflow.com/attachments/q40-jpg.265160/
41,Q41.jpg,251602,1920,753,JPEG,57f6706ede75eb8edde19e1c00fd9da3a603e691f78f9820e47e93a6c4bc1af9,https://fuoverflow.com/attachments/q41-jpg.265161/
42,Q42.jpg,172650,1920,720,JPEG,84bc457968ad67d04cebbd1ca27e8c26e5dfbacf83214047f4746d96c72ec651,https://fuoverflow.com/attachments/q42-jpg.265162/
43,Q43.jpg,46316,1920,720,JPEG,d613f7395c145908ecc469f61d5817385d56572165c25e8fe7f86bbbafda7fd8,https://fuoverflow.com/attachments/q43-jpg.265163/
44,Q44.jpg,208158,1920,720,JPEG,9728660f07afbd8586b0e538bc6f9a6385abb4f484b84d178d71c574cbac496d,https://fuoverflow.com/attachments/q44-jpg.265164/
45,Q45.jpg,272928,1920,720,JPEG,58650cc3251001f71850ce7447a9cc99144645fc307afae3b3f4d716c4aff37c,https://fuoverflow.com/attachments/q45-jpg.265165/
46,Q46.jpg,61415,1920,720,JPEG,3a0d980ed27d2ce602c79da27736facf1289ab97fd496b86cc08d3a7cbced911,https://fuoverflow.com/attachments/q46-jpg.265166/
47,Q47.jpg,55795,1920,720,JPEG,7d5274e225735349bd615739c49bfd45dc8cedb36ec98dd3fbca45280fe560c7,https://fuoverflow.com/attachments/q47-jpg.265167/
48,Q48.jpg,126934,1920,720,JPEG,e8841c2abbdb5448b5cc113ca0123c023978d6185c603c3f4cb7a10b206edbd8,https://fuoverflow.com/attachments/q48-jpg.265168/
49,Q49.jpg,187886,1920,720,JPEG,c0dac4b4eca779f4bcebdfbafe4f4c7a9bb3799284fee3671d36d7b016e9f9b1,https://fuoverflow.com/attachments/q49-jpg.265169/
50,Q50.jpg,236359,1920,720,JPEG,a7015068b8a727f8f473b925f5a51ab5367e1bc2495d6c4fd6a2a99ee1de6d1e,https://fuoverflow.com/attachments/q50-jpg.265170/
