question,file,bytes,width,height,format,sha256
1,Q1.webp,60636,1920,780,WEBP,a914ebe6ab8c14813d93bcc130d09b8c8e93b6681a7165b534e459d2f1a05c35
2,Q2.webp,38252,1920,780,WEBP,ac64b3f4a0cdb5b63be4dfb20b764c934d0f3f86b7bb27c18e57741528f710ec
3,Q3.webp,64412,1920,780,WEBP,74f0aa1cd2168d83ba26117b4057e4eb34c3be6e6e3d3172d2ebd70f36b5ec56
4,Q4.webp,54272,1920,780,WEBP,aa0d42718999ecded940ea918386e3d6f61e4489b770ca0d33e35bdbf54b861f
5,Q5.webp,50270,1920,780,WEBP,b0bb36d09e29026d06d545af58a8ff9227aa7d42a3358873b11ea2f61bcc7004
6,Q6.webp,58576,1920,780,WEBP,2ebece785c57d1e7e1dd2baf14fa3364ac9a90106dcd5daec9142bd8e25a9653
7,Q7.webp,29584,1920,780,WEBP,7609313832e643e69db1c839c46afe239f4a034651ca880b0ffbd193ed6bf196
8,Q8.webp,60364,1920,780,WEBP,3d535375272cfcaadf5bbad92ca0cb33304ddd0298244f493aaa7b70d7a8a75a
9,Q9.webp,57068,1920,780,WEBP,5466f2241661af139f9483dc06d0a65d0cde3bb090b9ed8c25eb4b99c889be81
10,Q10.webp,34682,1920,780,WEBP,8b993db8a31d9e41845c9765a1b9ca1f897a1f9fc750987551f781533322da0d
11,Q11.webp,38282,1920,780,WEBP,03d732810449960aeb78050f4b3075bee989c06258ce8e3c08a679aad1c3282a
12,Q12.webp,49034,1920,780,WEBP,d14121d9be758768cccf23418f3b457519eff0659b0b68b38e6e344ca87ddf01
13,Q13.webp,35178,1920,780,WEBP,d3033aa1ed7ad5738e6d1846d4e96de5e513c8072b510558bf8d2ba38f4441eb
14,Q14.webp,36118,1920,780,WEBP,e3cc342007e3f5dff3645933dfec3f8d56754f30c5479966e694259fbf1b8e1b
15,Q15.webp,47860,1920,780,WEBP,dbbd9dbb0ea0952b84208bdc0201a56e0c50598f25ffaafbdd97f7fc37061321
16,Q16.webp,44582,1920,780,WEBP,84a8cceb7bc056e6db35fe03b6a002ca28126feb1623b83325d3db30f9801486
17,Q17.webp,60010,1920,780,WEBP,25a320e044301ffbe3920885a485dcb7735bf24c5d83384102fa46a4554adabc
18,Q18.webp,56262,1920,780,WEBP,ea8581529395124ef6315e83c4f074b67d9c6a6884c95e5dfc4fa1f1b87cebfc
19,Q19.webp,25872,1920,780,WEBP,c60e40d3b890a40e9a6ced3b1dfd37a55b191dd30270ebf972fe788bed9d5e1e
20,Q20.webp,43356,1920,780,WEBP,8c52db4a20cff9cf5c967ef79af199bf1395e68f33517658a10a7f75fecd2395
21,Q21.webp,50706,1920,780,WEBP,265f92769c9927e8ab872234ea21783fbaf3604806f7b3f4e04e078fb9963156
22,Q22.webp,83560,1920,780,WEBP,a28ece17f181c4040c88f0efd9710164c58b7baed081bfbed1ec2fc242705d26
23,Q23.webp,74982,1920,780,WEBP,1f835ac52ab35283a45b1e3afaf9d90863e84d1f53cba4c9976bb5fa2a97e54f
24,Q24.webp,35020,1920,780,WEBP,7fccc5429e5841caa935e0413c6b74c4567e8efa0de11e6a25aa8c3f56aa0ac9
25,Q25.webp,38494,1920,780,WEBP,e22da06d0b611ea7fe139043b333e91d416810d07b4c1060f4b15c7f359c7fc1
26,Q26.webp,50186,1920,780,WEBP,379e6a8c096c8737564e2b91797e8a3510c5390374a9de050de3e9bf6531224f
27,Q27.webp,60064,1920,780,WEBP,70d95bc1db526f57f3e1c91161c1cccb9e388be6e56b59cca143bf3b7674146f
28,Q28.webp,35144,1920,780,WEBP,57869ad5b53f242b99a31ad56a3cd2566679503c487b3897f213139a5bb4d794
29,Q29.webp,56092,1920,780,WEBP,49a742d1ccb5e95968cafa6506b024ae8b7ccbd7ddd56cbb5ffdeb9899921766
30,Q30.webp,30918,1920,780,WEBP,9d3013f40e1bf2d06b000cba6bd93d6dfd331fa3e56a1c66fc172bc6833ddb9c
31,Q31.webp,38304,1920,780,WEBP,7bfac9e3723e08eb2de24b4007af4d0718fa0704eec79b63de9b7137340580da
32,Q32.webp,31806,1920,780,WEBP,1abeca62b4123ea338c5ab6adcf70eeedf86aefd3753f31181d0a3090d8a449a
33,Q33.webp,107294,1920,780,WEBP,501a061caf8a02b0c3c4f9412aa67f4b10148d28239a845413fb5d1044d73a79
34,Q34.webp,30080,1920,780,WEBP,00698c4161b4fe752ddaca53d5998b6b755e6d9af1285c4e4b2b598495dfedc5
35,Q35.webp,34426,1920,780,WEBP,384c21608bebb77da1abe547662a78195f18501b90db2ffe19c67aa6dffa997e
36,Q36.webp,69294,1920,780,WEBP,5a53442d145ad4cb8c384b1955267f8ba83ca5715b65d0644db4a52649b59fa9
37,Q37.webp,39570,1920,780,WEBP,1140ae61d7257b0c4abd49327750d45c3b0f0916c90145334bddcc2af8f9f735
38,Q38.webp,76944,1920,780,WEBP,2010a2526d32db43a084545f12fe4a3c2fb69501e9a3a30893b353889e8f80d0
39,Q39.webp,34748,1920,780,WEBP,c6ba76bd50e9301ed61e1edb3bed77798127f3b684b03579ffa4fe83a52a810c
40,Q40.webp,110980,1920,780,WEBP,b119283782d4626a5c2ed1694c666ee03966618f2ae5735ba9f37f0ab0bf4660
41,Q41.webp,94360,1920,780,WEBP,b15da643a54b9e0de97a9a4674a9190e8b49561ac53d606ff873acd3f1526af3
42,Q42.webp,35892,1920,780,WEBP,9853603ba9bcfdba2dd41cf32b14c58367306c4b3a2dd658751f0b71dadfdc1b
43,Q43.webp,54972,1920,780,WEBP,7f3accea7127525f9dfd3aabbabf88b76ecbf28560c936af1076f311456af7f8
44,Q44.webp,34902,1920,780,WEBP,86ed8df855a56e530b5bf5973085edd14e38f57bcce76ce9bc83e38884def10e
45,Q45.webp,36382,1920,780,WEBP,18c0d00fc936a6002d411fb9770660fd9609799e22b50ecbc4bcd832667c4f18
46,Q46.webp,53730,1920,780,WEBP,73106475e9a7ec275de21721cc90aea6bfdda860d89b8e5b418dfeecb94c4847
47,Q47.webp,44410,1920,780,WEBP,85fcf784beed2ab13e4a20c058a1e3af1a789577c09d084952cad26f9c779e9c
48,Q48.webp,50064,1920,780,WEBP,0288baec7ba1f50e8d23c13f30d7ad0ce142a09cae802508be8f18a38b04026c
49,Q49.webp,56652,1920,780,WEBP,8f606fef965b3f37074792a136d5f23c9c5b3d01583c401edfde00d79062a126
50,Q50.webp,60038,1920,780,WEBP,187a5d52352466ce10257c5f9249e21767d74cc1b660f850fac39d858f80d7c7
